surname,compound,initial,initial.rank,n.1930_2008,ppm.1930_2008,surname.uniqueness
王,0,w,23,88465683,74861.812,1.126
李,0,l,12,87096536,73703.206,1.133
张,0,z,26,83109353,70329.155,1.153
刘,0,l,12,62697223,53055.914,1.275
陈,0,c,3,53825412,45548.372,1.342
杨,0,y,25,39810444,33688.565,1.473
黄,0,h,8,27750712,23483.327,1.629
赵,0,z,26,24949775,21113.106,1.675
吴,0,w,23,23622133,19989.623,1.699
周,0,z,26,23192918,19626.411,1.707
徐,0,x,24,17693186,14972.404,1.825
孙,0,s,19,17199753,14554.849,1.837
朱,0,z,26,15611100,13210.492,1.879
马,0,m,13,15453832,13077.408,1.883
胡,0,h,8,14222377,12035.321,1.920
郭,0,g,7,13589708,11499.941,1.939
何,0,h,8,12688078,10736.960,1.969
高,0,g,7,12324042,10428.904,1.982
罗,0,l,12,11654386,9862.225,2.006
林,0,l,12,11609565,9824.296,2.008
郑,0,z,26,10775751,9118.702,2.040
梁,0,l,12,9913819,8389.315,2.076
谢,0,x,24,8824357,7467.385,2.127
宋,0,s,19,8648852,7318.869,2.135
唐,0,t,20,8448817,7149.594,2.146
韩,0,h,8,7593398,6425.718,2.192
许,0,x,24,7566528,6402.980,2.194
冯,0,f,6,7491551,6339.533,2.198
邓,0,d,4,7373938,6240.006,2.205
曹,0,c,3,7324974,6198.571,2.208
彭,0,p,16,6971754,5899.668,2.229
曾,0,z,26,6679993,5652.772,2.248
肖,0,x,24,6443757,5452.864,2.263
田,0,t,20,6414971,5428.504,2.265
董,0,d,4,6305008,5335.451,2.273
袁,0,y,25,6153789,5207.486,2.283
于,0,y,25,6078073,5143.413,2.289
潘,0,p,16,6044909,5115.349,2.291
蒋,0,j,10,5828878,4932.538,2.307
杜,0,d,4,5737478,4855.193,2.314
蔡,0,c,3,5732828,4851.258,2.314
余,0,y,25,5680166,4806.695,2.318
程,0,c,3,5550466,4696.939,2.328
魏,0,w,23,5482896,4639.760,2.333
叶,0,y,25,5447071,4609.444,2.336
吕,0,l,12,5340320,4519.109,2.345
丁,0,d,4,5333666,4513.478,2.345
苏,0,s,19,5311060,4494.348,2.347
任,0,r,18,5122226,4334.552,2.363
沈,0,s,19,5012587,4241.773,2.372
姚,0,y,25,4933886,4175.174,2.379
姜,0,j,10,4896622,4143.641,2.383
卢,0,l,12,4807058,4067.849,2.391
崔,0,c,3,4757700,4026.081,2.395
钟,0,z,26,4662008,3945.105,2.404
谭,0,t,20,4487036,3797.039,2.420
汪,0,w,23,4471582,3783.961,2.422
范,0,f,6,4442236,3759.128,2.425
陆,0,l,12,4388531,3713.682,2.430
金,0,j,10,4357157,3687.132,2.433
石,0,s,19,4182566,3539.389,2.451
廖,0,l,12,4115605,3482.725,2.458
贾,0,j,10,4094102,3464.529,2.460
夏,0,x,24,3938636,3332.970,2.477
付,0,f,6,3870648,3275.436,2.485
方,0,f,6,3743442,3167.792,2.499
韦,0,w,23,3698991,3130.176,2.504
邹,0,z,26,3616673,3060.517,2.514
白,0,b,2,3588151,3036.381,2.518
熊,0,x,24,3563766,3015.745,2.520
孟,0,m,13,3539522,2995.230,2.523
秦,0,q,17,3522862,2981.131,2.525
邱,0,q,17,3253603,2753.278,2.560
尹,0,y,25,3197544,2705.839,2.568
江,0,j,10,3179283,2690.387,2.570
薛,0,x,24,3146574,2662.707,2.575
闫,0,y,25,3077383,2604.156,2.584
侯,0,h,8,3052713,2583.280,2.588
段,0,d,4,2976554,2518.832,2.599
雷,0,l,12,2917435,2468.804,2.607
史,0,s,19,2632424,2227.621,2.652
龙,0,l,12,2630494,2225.988,2.652
陶,0,t,20,2601340,2201.317,2.657
顾,0,g,7,2546885,2155.236,2.666
贺,0,h,8,2538904,2148.482,2.668
黎,0,l,12,2503290,2118.345,2.674
郝,0,h,8,2475437,2094.775,2.679
毛,0,m,13,2459298,2081.118,2.681
邵,0,s,19,2434040,2059.744,2.686
龚,0,g,7,2432556,2058.488,2.686
万,0,w,23,2370139,2005.669,2.698
钱,0,q,17,2284315,1933.043,2.714
武,0,w,23,2241008,1896.395,2.722
严,0,y,25,2240852,1896.263,2.722
戴,0,d,4,2204299,1865.331,2.729
孔,0,k,11,2128308,1801.026,2.744
向,0,x,24,2110622,1786.060,2.748
覃,0,q,17,2069008,1750.845,2.757
常,0,c,3,2056982,1740.668,2.759
汤,0,t,20,2051959,1736.418,2.760
莫,0,m,13,1987618,1681.971,2.774
康,0,k,11,1935510,1637.876,2.785
文,0,w,23,1900068,1607.884,2.793
温,0,w,23,1895056,1603.642,2.795
牛,0,n,14,1882989,1593.431,2.797
代,0,d,4,1882061,1592.646,2.798
赖,0,l,12,1873769,1585.629,2.800
洪,0,h,8,1831469,1549.834,2.809
葛,0,g,7,1801833,1524.755,2.817
施,0,s,19,1797063,1520.718,2.818
邢,0,x,24,1768313,1496.389,2.825
安,0,a,1,1731244,1465.021,2.834
樊,0,f,6,1667391,1410.987,2.850
齐,0,q,17,1641237,1388.855,2.857
乔,0,q,17,1609039,1361.608,2.866
易,0,y,25,1597113,1351.516,2.869
庞,0,p,16,1546822,1308.958,2.883
倪,0,n,14,1496219,1266.137,2.897
伍,0,w,23,1495816,1265.796,2.897
鲁,0,l,12,1480591,1252.912,2.902
聂,0,n,14,1469755,1243.742,2.905
章,0,z,26,1416159,1198.388,2.921
岳,0,y,25,1397065,1182.230,2.927
颜,0,y,25,1391776,1177.755,2.929
殷,0,y,25,1373141,1161.985,2.934
翟,0,z,26,1364926,1155.034,2.937
申,0,s,19,1358397,1149.509,2.939
耿,0,g,7,1287565,1089.569,2.962
欧,0,o,15,1266711,1071.922,2.969
庄,0,z,26,1243137,1051.973,2.978
左,0,z,26,1238445,1048.002,2.979
焦,0,j,10,1236969,1046.753,2.980
兰,0,l,12,1236741,1046.560,2.980
关,0,g,7,1220178,1032.544,2.986
俞,0,y,25,1194289,1010.636,2.995
柳,0,l,12,1183330,1001.363,2.999
甘,0,g,7,1133387,959.100,3.018
祝,0,z,26,1110217,939.493,3.027
傅,0,f,6,1087273,920.077,3.036
包,0,b,2,1029143,870.886,3.060
尚,0,s,19,1020275,863.382,3.063
毕,0,b,2,1008870,853.730,3.068
舒,0,s,19,994709,841.747,3.074
宁,0,n,14,985763,834.177,3.078
曲,0,q,17,965839,817.316,3.087
梅,0,m,13,964564,816.238,3.088
童,0,t,20,947726,801.989,3.095
阮,0,r,18,944949,799.639,3.097
纪,0,j,10,942503,797.569,3.098
季,0,j,10,941840,797.008,3.098
苗,0,m,13,933769,790.178,3.102
单,0,d,4,933513,789.961,3.102
裴,0,p,16,931716,788.441,3.103
符,0,f,6,922896,780.977,3.107
谷,0,g,7,922046,780.258,3.107
凌,0,l,12,921671,779.940,3.107
成,0,c,3,911776,771.567,3.112
霍,0,h,8,911366,771.220,3.112
盛,0,s,19,908725,768.985,3.114
詹,0,z,26,897364,759.371,3.119
冉,0,r,18,895761,758.015,3.120
路,0,l,12,883203,747.388,3.126
骆,0,l,12,864033,731.166,3.135
辛,0,x,24,853499,722.252,3.141
靳,0,j,10,853059,721.879,3.141
柯,0,k,11,850517,719.728,3.142
涂,0,t,20,845458,715.447,3.145
蓝,0,l,12,817719,691.974,3.159
欧阳,1,o,15,807920,683.682,3.165
柴,0,c,3,800687,677.561,3.168
管,0,g,7,798948,676.089,3.169
翁,0,w,23,788294,667.074,3.175
祁,0,q,17,766364,648.516,3.187
鲍,0,b,2,762815,645.513,3.189
喻,0,y,25,749112,633.917,3.197
游,0,y,25,732358,619.739,3.207
蒙,0,m,13,725825,614.211,3.211
华,0,h,8,710952,601.625,3.220
蒲,0,p,16,703452,595.278,3.225
房,0,f,6,682001,577.126,3.238
滕,0,t,20,681689,576.862,3.238
屈,0,q,17,675945,572.001,3.242
饶,0,r,18,662075,560.264,3.251
解,0,j,10,658478,557.220,3.253
艾,0,a,1,655453,554.660,3.255
牟,0,m,13,653751,553.220,3.256
候,0,h,8,631747,534.600,3.271
时,0,s,19,619815,524.503,3.279
尤,0,y,25,604591,511.620,3.290
阳,0,y,25,600244,507.941,3.293
穆,0,m,13,596067,504.406,3.296
司,0,s,19,552929,467.902,3.329
吉,0,j,10,539077,456.180,3.340
车,0,c,3,534322,452.156,3.344
项,0,x,24,526161,445.250,3.350
缪,0,m,13,522392,442.061,3.354
芦,0,l,12,518415,438.695,3.357
农,0,n,14,518361,438.650,3.357
卓,0,z,26,502120,424.906,3.371
窦,0,d,4,500024,423.132,3.372
褚,0,c,3,497866,421.306,3.374
娄,0,l,12,493754,417.827,3.378
古,0,g,7,492537,416.797,3.379
景,0,j,10,486382,411.588,3.384
宫,0,g,7,485687,411.000,3.385
戚,0,q,17,479798,406.017,3.390
连,0,l,12,479014,405.353,3.391
费,0,f,6,477484,404.059,3.392
党,0,d,4,476999,403.648,3.393
冷,0,l,12,466976,395.166,3.402
卜,0,b,2,465642,394.038,3.403
晏,0,y,25,465124,393.599,3.404
米,0,m,13,446599,377.923,3.421
席,0,x,24,446314,377.682,3.422
柏,0,b,2,441781,373.846,3.426
卫,0,w,23,436878,369.697,3.431
宗,0,z,26,431949,365.526,3.436
岑,0,c,3,423622,358.479,3.444
佟,0,t,20,418337,354.007,3.450
边,0,b,2,416883,352.777,3.451
瞿,0,q,17,412001,348.645,3.456
麦,0,m,13,411592,348.299,3.457
桂,0,g,7,403946,341.829,3.465
沙,0,s,19,402618,340.705,3.466
臧,0,z,26,401545,339.797,3.468
全,0,q,17,397488,336.364,3.472
闵,0,m,13,395025,334.280,3.475
普,0,p,16,392649,332.269,3.477
姬,0,j,10,392482,332.128,3.477
和,0,h,8,390664,330.589,3.479
师,0,s,19,390242,330.232,3.480
苟,0,g,7,389836,329.889,3.480
邬,0,w,23,389561,329.656,3.481
卞,0,b,2,389078,329.247,3.481
应,0,y,25,388751,328.971,3.482
桑,0,s,19,381166,322.552,3.490
隋,0,s,19,380782,322.227,3.490
栾,0,l,12,376813,318.868,3.495
仇,0,c,3,372070,314.855,3.501
商,0,s,19,368428,311.773,3.505
刁,0,d,4,366399,310.056,3.507
简,0,j,10,364302,308.281,3.510
荣,0,r,18,357295,302.352,3.518
寇,0,k,11,356799,301.932,3.519
郎,0,l,12,347120,293.741,3.531
丛,0,c,3,325974,275.847,3.558
仲,0,z,26,324758,274.818,3.559
明,0,m,13,323668,273.896,3.561
查,0,c,3,320050,270.834,3.566
巫,0,w,23,319720,270.555,3.566
占,0,z,26,319409,270.292,3.567
甄,0,z,26,318189,269.259,3.568
巩,0,g,7,314035,265.744,3.574
虞,0,y,25,313997,265.712,3.574
丘,0,q,17,308776,261.294,3.581
佘,0,s,19,308737,261.261,3.581
苑,0,y,25,305195,258.263,3.586
迟,0,c,3,303625,256.935,3.588
麻,0,m,13,300125,253.973,3.594
池,0,c,3,297968,252.148,3.597
阎,0,y,25,295871,250.373,3.600
敖,0,a,1,292788,247.764,3.604
封,0,f,6,287748,243.499,3.612
鞠,0,j,10,284208,240.504,3.617
谈,0,t,20,280529,237.390,3.623
惠,0,h,8,278774,235.905,3.625
匡,0,k,11,277727,235.019,3.627
官,0,g,7,272971,230.995,3.635
荆,0,j,10,268580,227.279,3.642
郁,0,y,25,266458,225.483,3.645
胥,0,x,24,265457,224.636,3.647
冀,0,j,10,263246,222.765,3.650
乐,0,y,25,261860,221.592,3.652
南,0,n,14,261127,220.972,3.654
邝,0,k,11,250548,212.020,3.672
栗,0,l,12,248863,210.594,3.674
储,0,c,3,246595,208.675,3.678
原,0,y,25,245668,207.890,3.680
燕,0,y,25,245591,207.825,3.680
班,0,b,2,245543,207.784,3.680
楚,0,c,3,244780,207.139,3.682
鄢,0,y,25,243235,205.831,3.684
谌,0,c,3,220230,186.364,3.727
劳,0,l,12,215372,182.253,3.737
皮,0,p,16,213732,180.865,3.740
蔺,0,l,12,212366,179.709,3.743
奚,0,x,24,212353,179.698,3.743
闻,0,w,23,204764,173.276,3.759
粟,0,s,19,204669,173.196,3.759
满,0,m,13,204358,172.933,3.760
楼,0,l,12,203702,172.378,3.761
盘,0,p,16,201284,170.331,3.766
海,0,h,8,193602,163.831,3.783
伊,0,y,25,189055,159.983,3.793
位,0,w,23,185901,157.314,3.800
阚,0,k,11,184551,156.172,3.804
冼,0,x,24,184410,156.052,3.804
强,0,q,17,183740,155.485,3.806
仝,0,t,20,183521,155.300,3.806
索,0,s,19,183199,155.027,3.807
郜,0,g,7,182392,154.345,3.809
巴,0,b,2,182272,154.243,3.809
花,0,h,8,181466,153.561,3.811
玉,0,y,25,179719,152.083,3.815
盖,0,g,7,177367,150.092,3.821
帅,0,s,19,176242,149.140,3.824
凡,0,f,6,175529,148.537,3.825
屠,0,t,20,173962,147.211,3.829
豆,0,d,4,172852,146.272,3.832
权,0,q,17,172586,146.046,3.833
廉,0,l,12,172575,146.037,3.833
阿,0,a,1,172395,145.885,3.833
禹,0,y,25,171503,145.130,3.835
丰,0,f,6,167391,141.650,3.846
井,0,j,10,166881,141.219,3.847
练,0,l,12,165591,140.127,3.850
祖,0,z,26,165573,140.112,3.850
朴,0,p,16,165472,140.026,3.851
平,0,p,16,165002,139.629,3.852
漆,0,q,17,164068,138.838,3.854
国,0,g,7,163499,138.357,3.856
支,0,z,26,161807,136.925,3.860
狄,0,d,4,156540,132.468,3.875
卿,0,q,17,155167,131.306,3.878
计,0,j,10,154136,130.434,3.881
晋,0,j,10,152898,129.386,3.885
初,0,c,3,152486,129.037,3.886
相,0,x,24,151862,128.509,3.888
宣,0,x,24,151722,128.391,3.888
门,0,m,13,148821,125.936,3.896
云,0,y,25,145908,123.471,3.905
敬,0,j,10,143205,121.184,3.913
厉,0,l,12,142581,120.656,3.915
区,0,q,17,140876,119.213,3.920
来,0,l,12,137840,116.644,3.929
浦,0,p,16,136740,115.713,3.933
戈,0,g,7,135139,114.358,3.938
芮,0,r,18,134769,114.045,3.939
伏,0,f,6,133284,112.788,3.944
晁,0,c,3,133061,112.599,3.945
雍,0,y,25,132105,111.790,3.948
都,0,d,4,132021,111.719,3.948
薄,0,b,2,130467,110.404,3.953
邸,0,d,4,129707,109.761,3.956
鹿,0,l,12,129619,109.687,3.956
母,0,m,13,126870,107.360,3.965
修,0,x,24,126679,107.199,3.966
亓,0,q,17,125410,106.125,3.970
岩,0,y,25,124800,105.609,3.972
容,0,r,18,124665,105.495,3.973
赫,0,h,8,124592,105.433,3.973
阙,0,q,17,123880,104.830,3.975
羊,0,y,25,123115,104.183,3.978
辜,0,g,7,120779,102.206,3.986
裘,0,q,17,120003,101.549,3.989
杭,0,h,8,118770,100.506,3.994
宿,0,s,19,115969,98.136,4.004
鲜,0,x,24,115839,98.026,4.004
况,0,k,11,115152,97.444,4.007
印,0,y,25,113794,96.295,4.012
逯,0,l,12,112784,95.441,4.016
战,0,z,26,110951,93.889,4.023
隆,0,l,12,110763,93.730,4.024
邰,0,t,20,110044,93.122,4.026
诸,0,z,26,107838,91.255,4.035
慕,0,m,13,107057,90.594,4.038
茹,0,r,18,106838,90.409,4.039
达,0,d,4,105252,89.067,4.045
银,0,y,25,104115,88.105,4.050
嵇,0,j,10,103324,87.435,4.053
亢,0,k,11,102622,86.841,4.056
那,0,n,14,101210,85.646,4.062
危,0,w,23,101043,85.505,4.063
刀,0,d,4,100072,84.683,4.067
公,0,g,7,96849,81.956,4.081
才,0,c,3,96063,81.291,4.085
字,0,z,26,94779,80.204,4.090
湛,0,z,26,93660,79.257,4.096
戎,0,r,18,93310,78.961,4.097
宾,0,b,2,92791,78.522,4.100
萧,0,x,24,92689,78.436,4.100
茅,0,m,13,91866,77.739,4.104
居,0,j,10,91570,77.489,4.105
於,0,y,25,91084,77.077,4.107
勾,0,g,7,90468,76.556,4.110
干,0,g,7,88879,75.212,4.118
小,0,x,24,88173,74.614,4.121
尉,0,y,25,87816,74.312,4.123
揭,0,j,10,87474,74.023,4.125
但,0,d,4,87096,73.703,4.127
扎,0,z,26,85887,72.680,4.133
衣,0,y,25,85863,72.659,4.133
布,0,b,2,85462,72.320,4.135
束,0,s,19,84704,71.679,4.139
信,0,x,24,84122,71.186,4.142
展,0,z,26,83475,70.639,4.145
昝,0,z,26,83454,70.621,4.145
元,0,y,25,83116,70.335,4.147
利,0,l,12,81759,69.186,4.154
阴,0,y,25,81756,69.184,4.154
智,0,z,26,80416,68.050,4.161
呼,0,h,8,79823,67.548,4.164
富,0,f,6,79489,67.266,4.166
衡,0,h,8,78846,66.721,4.169
檀,0,t,20,78482,66.413,4.171
保,0,b,2,78245,66.213,4.173
拉,0,l,12,76686,64.894,4.181
由,0,y,25,75803,64.146,4.186
奉,0,f,6,75701,64.060,4.187
习,0,x,24,74688,63.203,4.192
幸,0,x,24,74617,63.143,4.193
腾,0,t,20,74458,63.008,4.194
户,0,h,8,74156,62.753,4.196
荀,0,x,24,74018,62.636,4.196
植,0,z,26,73822,62.470,4.197
闭,0,b,2,73029,61.799,4.202
尧,0,y,25,72955,61.736,4.202
渠,0,q,17,72668,61.493,4.204
钮,0,n,14,71437,60.452,4.211
哈,0,h,8,71353,60.381,4.212
虎,0,h,8,70849,59.954,4.215
巨,0,j,10,70567,59.716,4.217
贡,0,g,7,70050,59.278,4.220
雒,0,l,12,69654,58.943,4.222
青,0,q,17,69194,58.554,4.225
冶,0,y,25,68837,58.252,4.227
郗,0,x,24,68668,58.109,4.228
逄,0,p,16,67221,56.884,4.237
蹇,0,j,10,66996,56.694,4.239
旷,0,k,11,66990,56.689,4.239
昌,0,c,3,65693,55.591,4.247
弓,0,g,7,65589,55.503,4.248
操,0,c,3,64742,54.786,4.253
铁,0,t,20,64440,54.531,4.255
鄂,0,e,5,63855,54.036,4.259
税,0,s,19,63581,53.804,4.261
年,0,n,14,63562,53.788,4.261
扈,0,h,8,63402,53.652,4.262
谯,0,q,17,63121,53.415,4.264
庹,0,t,20,62072,52.527,4.271
上官,1,s,19,61554,52.088,4.275
矫,0,j,10,61352,51.918,4.276
娜,0,n,14,60870,51.510,4.280
竺,0,z,26,59722,50.538,4.288
木,0,m,13,59514,50.362,4.289
未,0,w,23,59308,50.188,4.291
步,0,b,2,59175,50.075,4.292
靖,0,j,10,58714,49.685,4.295
斯,0,s,19,58688,49.663,4.295
黑,0,h,8,57075,48.298,4.307
多,0,d,4,56680,47.964,4.310
东,0,d,4,56392,47.720,4.312
訾,0,z,26,56322,47.661,4.313
濮,0,p,16,56262,47.610,4.313
别,0,b,2,55993,47.383,4.315
藏,0,c,3,55741,47.169,4.317
水,0,s,19,55325,46.817,4.320
山,0,s,19,54623,46.223,4.326
轩,0,x,24,54219,45.881,4.329
种,0,z,26,54112,45.791,4.330
贝,0,b,2,53620,45.375,4.334
乌,0,w,23,53402,45.190,4.335
琚,0,j,10,53142,44.970,4.338
蔚,0,y,25,51886,43.907,4.348
宛,0,w,23,51814,43.846,4.348
尼,0,n,14,51512,43.591,4.351
侍,0,s,19,51269,43.385,4.353
咸,0,x,24,49408,41.810,4.368
皇甫,1,h,8,49179,41.616,4.370
从,0,c,3,48900,41.380,4.373
过,0,g,7,48853,41.341,4.373
茆,0,m,13,47844,40.487,4.382
菅,0,j,10,46917,39.702,4.390
暴,0,b,2,46659,39.484,4.393
化,0,h,8,46606,39.439,4.393
畅,0,c,3,46311,39.189,4.396
巢,0,c,3,46111,39.020,4.398
买,0,m,13,46100,39.011,4.398
续,0,x,24,45575,38.567,4.403
加,0,j,10,44602,37.743,4.412
寿,0,s,19,44183,37.389,4.416
泮,0,p,16,44170,37.378,4.416
宝,0,b,2,44138,37.351,4.416
扶,0,f,6,44016,37.247,4.417
令狐,1,l,12,43798,37.063,4.419
綦,0,q,17,43491,36.803,4.422
历,0,l,12,43149,36.514,4.426
经,0,j,10,42822,36.237,4.429
么,0,m,13,41735,35.317,4.440
德,0,d,4,41577,35.183,4.441
毋,0,w,23,41370,35.008,4.444
后,0,h,8,40860,34.577,4.449
格,0,g,7,40323,34.122,4.454
凤,0,f,6,40252,34.062,4.455
招,0,z,26,39871,33.740,4.459
仵,0,w,23,39730,33.620,4.461
资,0,z,26,39679,33.577,4.461
庾,0,y,25,39574,33.488,4.462
自,0,z,26,39400,33.341,4.464
伦,0,l,12,38470,32.554,4.474
汝,0,r,18,38206,32.331,4.477
蒯,0,k,11,37027,31.333,4.490
要,0,y,25,36568,30.945,4.496
英,0,y,25,36394,30.797,4.498
台,0,t,20,36268,30.691,4.499
央,0,y,25,35920,30.396,4.503
先,0,x,24,35214,29.799,4.511
生,0,s,19,35150,29.745,4.512
冒,0,m,13,35116,29.716,4.513
随,0,s,19,34632,29.306,4.518
双,0,s,19,34175,28.920,4.524
邴,0,b,2,33675,28.497,4.530
司徒,1,s,19,33645,28.471,4.531
粱,0,l,12,33585,28.420,4.531
隗,0,w,23,33406,28.269,4.534
依,0,y,25,33286,28.167,4.535
顿,0,d,4,33093,28.004,4.538
贲,0,b,2,33028,27.949,4.538
延,0,y,25,32854,27.802,4.541
郇,0,x,24,32123,27.183,4.550
员,0,y,25,32049,27.121,4.551
诸葛,1,z,26,31967,27.051,4.552
果,0,g,7,31374,26.549,4.560
玄,0,x,24,31351,26.530,4.560
扬,0,y,25,31336,26.517,4.560
眭,0,s,19,31330,26.512,4.560
回,0,h,8,31000,26.233,4.565
西,0,x,24,30947,26.188,4.566
郄,0,x,24,30398,25.724,4.573
滑,0,h,8,29460,24.930,4.586
洛,0,l,12,28713,24.298,4.597
鱼,0,y,25,28639,24.235,4.598
圣,0,s,19,28267,23.920,4.603
汲,0,j,10,27970,23.669,4.608
籍,0,j,10,27894,23.605,4.609
纳,0,n,14,27681,23.424,4.612
糜,0,m,13,27598,23.354,4.613
缑,0,g,7,27498,23.269,4.615
泽,0,z,26,26995,22.844,4.623
拓,0,t,20,26242,22.207,4.634
怀,0,h,8,26206,22.176,4.635
赛,0,s,19,26056,22.049,4.637
昂,0,a,1,25663,21.717,4.644
宦,0,h,8,25264,21.379,4.650
言,0,y,25,24707,20.908,4.659
皇,0,h,8,24663,20.870,4.660
宇,0,y,25,24200,20.479,4.668
刚,0,g,7,24086,20.382,4.670
仉,0,z,26,24056,20.357,4.670
戢,0,j,10,23506,19.891,4.680
密,0,m,13,22886,19.367,4.691
拜,0,b,2,22063,18.670,4.706
竹,0,z,26,22010,18.625,4.707
同,0,t,20,21920,18.549,4.709
永,0,y,25,21766,18.419,4.712
春,0,c,3,21452,18.153,4.718
寻,0,x,24,21351,18.068,4.720
崇,0,c,3,21344,18.062,4.720
其,0,q,17,20469,17.321,4.737
雪,0,x,24,20448,17.304,4.737
塔,0,t,20,20387,17.252,4.739
开,0,k,11,20350,17.221,4.739
弋,0,y,25,20127,17.032,4.744
忻,0,x,24,19899,16.839,4.749
零,0,l,12,19858,16.804,4.749
纵,0,z,26,19770,16.730,4.751
撒,0,s,19,19636,16.616,4.754
郏,0,j,10,19465,16.472,4.758
红,0,h,8,19225,16.269,4.763
钦,0,q,17,19121,16.181,4.765
念,0,n,14,19048,16.119,4.767
望,0,w,23,18281,15.470,4.783
郅,0,z,26,17855,15.109,4.793
励,0,l,12,17819,15.079,4.794
亚,0,y,25,17436,14.755,4.803
可,0,k,11,17119,14.487,4.810
义,0,y,25,17006,14.391,4.813
闪,0,s,19,16935,14.331,4.814
仪,0,y,25,16847,14.256,4.817
香,0,x,24,16572,14.024,4.823
光,0,g,7,16538,13.995,4.824
磨,0,m,13,16156,13.672,4.834
承,0,c,3,15876,13.435,4.841
秋,0,q,17,15703,13.288,4.845
律,0,l,12,15580,13.184,4.848
禚,0,z,26,15474,13.094,4.851
思,0,s,19,15386,13.020,4.853
法,0,f,6,15372,13.008,4.854
太,0,t,20,15205,12.867,4.858
火,0,h,8,15118,12.793,4.860
远,0,y,25,14984,12.680,4.864
梦,0,m,13,14835,12.554,4.868
老,0,l,12,14831,12.550,4.868
苍,0,c,3,14641,12.390,4.873
拥,0,y,25,14614,12.367,4.874
司马,1,s,19,14421,12.203,4.879
松,0,s,19,14399,12.185,4.880
牙,0,y,25,14266,12.072,4.884
行,0,x,24,14037,11.878,4.890
庆,0,q,17,13830,11.703,4.896
苌,0,c,3,13430,11.365,4.908
秀,0,x,24,12906,10.921,4.924
千,0,q,17,12747,10.787,4.929
静,0,j,10,12454,10.539,4.938
丹,0,d,4,12281,10.392,4.943
喜,0,x,24,11922,10.089,4.955
越,0,y,25,11602,9.818,4.966
萨,0,s,19,11509,9.739,4.969
朵,0,d,4,11403,9.649,4.973
子,0,z,26,10967,9.281,4.988
美,0,m,13,10372,8.777,5.010
朋,0,p,16,10269,8.690,5.014
类,0,l,12,10084,8.533,5.021
冬,0,d,4,10018,8.477,5.023
宇文,1,y,25,9416,7.968,5.047
牧,0,m,13,9412,7.965,5.047
朝,0,z,26,8817,7.461,5.073
营,0,y,25,8755,7.409,5.075
浩,0,h,8,8495,7.189,5.087
伟,0,w,23,8466,7.164,5.088
五,0,w,23,8437,7.140,5.089
飞,0,f,6,8388,7.098,5.092
勇,0,y,25,8128,6.878,5.104
星,0,x,24,7968,6.743,5.111
大,0,d,4,7907,6.691,5.114
长,0,z,26,7875,6.664,5.116
月,0,y,25,7510,6.355,5.133
理,0,l,12,7489,6.337,5.134
道,0,d,4,7120,6.025,5.153
二,0,e,5,6947,5.879,5.162
腊,0,l,12,6935,5.869,5.163
丽,0,l,12,6744,5.707,5.173
志,0,z,26,6648,5.626,5.179
紫,0,z,26,6536,5.531,5.185
久,0,j,10,6326,5.353,5.197
新,0,x,24,6293,5.325,5.199
艳,0,y,25,5603,4.741,5.241
真,0,z,26,5538,4.686,5.245
晓,0,x,24,5252,4.444,5.264
托,0,t,20,5159,4.366,5.270
呼延,1,h,8,5128,4.339,5.273
壮,0,z,26,4954,4.192,5.285
悦,0,y,25,4726,3.999,5.301
九,0,j,10,4721,3.995,5.301
芳,0,f,6,4675,3.956,5.305
天,0,t,20,4625,3.914,5.309
彩,0,c,3,4513,3.819,5.317
无,0,w,23,4472,3.784,5.320
恩,0,e,5,4405,3.728,5.325
佳,0,j,10,4320,3.656,5.332
七,0,q,17,4150,3.512,5.346
瑞,0,r,18,3977,3.365,5.360
雨,0,y,25,3935,3.330,5.364
博,0,b,2,3863,3.269,5.370
凯,0,k,11,3835,3.245,5.372
迪,0,d,4,3834,3.244,5.372
洋,0,y,25,3753,3.176,5.379
俊,0,j,10,3668,3.104,5.387
六,0,l,12,3568,3.019,5.396
雅,0,y,25,3484,2.948,5.404
通,0,t,20,3443,2.914,5.407
祥,0,x,24,3366,2.848,5.415
嘉,0,j,10,3323,2.812,5.419
顺,0,s,19,3187,2.697,5.432
慧,0,h,8,3168,2.681,5.434
妮,0,n,14,3109,2.631,5.440
诺,0,n,14,3015,2.551,5.450
曼,0,m,13,2716,2.298,5.482
玲,0,l,12,2404,2.034,5.518
妹,0,m,13,2403,2.033,5.518
亮,0,l,12,2365,2.001,5.523
迎,0,y,25,2201,1.863,5.543
莎,0,s,19,2173,1.839,5.547
倩,0,q,17,2069,1.751,5.561
露,0,l,12,2041,1.727,5.564
晴,0,q,17,2032,1.720,5.566
京,0,j,10,1870,1.582,5.588
乐正,1,y,25,1833,1.551,5.593
欣,0,x,24,1752,1.483,5.605
旭,0,x,24,1735,1.468,5.608
灵,0,l,12,1708,1.445,5.612
盼,0,p,16,1687,1.428,5.615
鹏,0,p,16,1633,1.382,5.623
欢,0,h,8,1621,1.372,5.625
兵,0,b,2,1546,1.308,5.637
晶,0,j,10,1541,1.304,5.638
婷,0,t,20,1503,1.272,5.644
晨,0,c,3,1457,1.233,5.651
娇,0,j,10,1345,1.138,5.670
娟,0,j,10,1341,1.135,5.671
豪,0,h,8,1286,1.088,5.680
楠,0,n,14,1251,1.059,5.686
磊,0,l,12,1231,1.042,5.690
鲜于,1,x,24,1218,1.031,5.692
冰,0,b,2,1213,1.026,5.693
莉,0,l,12,1175,0.994,5.700
圆,0,y,25,1145,0.969,5.706
公玉,1,g,7,1140,0.965,5.707
南荣,1,n,14,1065,0.901,5.721
赫连,1,h,8,1042,0.882,5.725
笑,0,x,24,1034,0.875,5.727
东方,1,d,4,942,0.797,5.745
莹,0,y,25,814,0.689,5.772
鑫,0,x,24,788,0.667,5.778
涛,0,t,20,787,0.666,5.778
彬,0,b,2,777,0.658,5.781
曙,0,s,19,741,0.627,5.789
仲长,1,z,26,740,0.626,5.789
丫,0,y,25,737,0.624,5.790
心,0,x,24,697,0.590,5.799
甜,0,t,20,641,0.542,5.812
姣,0,j,10,602,0.509,5.821
妞,0,n,14,528,0.447,5.840
葡,0,p,16,518,0.438,5.842
慕容,1,m,13,423,0.358,5.867
僧,0,s,19,377,0.319,5.880
珊,0,s,19,377,0.319,5.880
库,0,k,11,376,0.318,5.880
福,0,f,6,374,0.316,5.881
广,0,g,7,371,0.314,5.881
仁,0,r,18,370,0.313,5.882
宗政,1,z,26,366,0.310,5.883
俸,0,f,6,365,0.309,5.883
波,0,b,2,357,0.302,5.885
慈,0,c,3,354,0.300,5.886
希,0,x,24,351,0.297,5.887
敦,0,d,4,348,0.294,5.888
折,0,z,26,345,0.292,5.889
绳,0,s,19,343,0.290,5.889
贵,0,g,7,342,0.289,5.890
蒿,0,h,8,341,0.289,5.890
睢,0,s,19,339,0.287,5.890
端,0,d,4,338,0.286,5.891
颉,0,x,24,337,0.285,5.891
归,0,g,7,327,0.277,5.894
爱,0,a,1,326,0.276,5.894
桓,0,h,8,326,0.276,5.894
如,0,r,18,326,0.276,5.894
皋,0,g,7,322,0.272,5.895
仰,0,y,25,315,0.267,5.897
禄,0,l,12,308,0.261,5.899
肇,0,z,26,308,0.261,5.899
聪,0,c,3,306,0.259,5.900
甲,0,j,10,306,0.259,5.900
补,0,b,2,304,0.257,5.901
濮阳,1,p,16,304,0.257,5.901
淡,0,d,4,298,0.252,5.902
乾,0,q,17,294,0.249,5.904
敏,0,m,13,292,0.247,5.904
清,0,q,17,290,0.245,5.905
奇,0,q,17,289,0.245,5.905
恽,0,y,25,289,0.245,5.905
沐,0,m,13,285,0.241,5.906
媛,0,y,25,284,0.240,5.906
旦,0,d,4,283,0.239,5.907
弭,0,m,13,279,0.236,5.908
军,0,j,10,272,0.230,5.910
里,0,l,12,268,0.227,5.911
锁,0,s,19,267,0.226,5.912
稳,0,w,23,267,0.226,5.912
萍,0,p,16,263,0.223,5.913
底,0,d,4,261,0.221,5.913
宓,0,m,13,260,0.220,5.914
寸,0,c,3,258,0.218,5.914
卯,0,m,13,257,0.217,5.915
桃,0,t,20,257,0.217,5.915
淳,0,c,3,256,0.217,5.915
留,0,l,12,256,0.217,5.915
问,0,w,23,253,0.214,5.916
起,0,q,17,251,0.212,5.916
灿,0,c,3,249,0.211,5.917
沃,0,w,23,249,0.211,5.917
盈,0,y,25,249,0.211,5.917
旺,0,w,23,248,0.210,5.917
笪,0,d,4,247,0.209,5.918
神,0,s,19,246,0.208,5.918
坤,0,k,11,245,0.207,5.918
仓,0,c,3,243,0.206,5.919
兴,0,x,24,239,0.202,5.920
令,0,l,12,232,0.196,5.922
矣,0,y,25,226,0.191,5.924
朗,0,l,12,224,0.190,5.925
伯,0,b,2,222,0.188,5.925
珠,0,z,26,221,0.187,5.926
俎,0,z,26,221,0.187,5.926
及,0,j,10,216,0.183,5.927
夏侯,1,x,24,214,0.181,5.928
甯,0,n,14,210,0.178,5.929
运,0,y,25,210,0.178,5.929
稽,0,j,10,208,0.176,5.930
恒,0,h,8,203,0.172,5.931
弯,0,w,23,203,0.172,5.931
杰,0,j,10,202,0.171,5.931
杞,0,q,17,200,0.169,5.932
额,0,e,5,196,0.166,5.933
吝,0,l,12,195,0.165,5.934
啊,0,a,1,192,0.162,5.935
地,0,d,4,192,0.162,5.935
宏,0,h,8,188,0.159,5.936
力,0,l,12,188,0.159,5.936
职,0,z,26,188,0.159,5.936
风,0,f,6,187,0.158,5.936
建,0,j,10,186,0.157,5.937
帖,0,t,20,185,0.157,5.937
贞,0,z,26,185,0.157,5.937
刑,0,x,24,183,0.155,5.937
超,0,c,3,180,0.152,5.938
堵,0,d,4,180,0.152,5.938
看,0,k,11,180,0.152,5.938
校,0,x,24,180,0.152,5.938
中,0,z,26,179,0.151,5.939
四,0,s,19,178,0.151,5.939
钞,0,c,3,177,0.150,5.939
棒,0,b,2,176,0.149,5.940
措,0,c,3,176,0.149,5.940
娃,0,w,23,175,0.148,5.940
斌,0,b,2,169,0.143,5.942
弥,0,m,13,166,0.140,5.943
深,0,s,19,166,0.140,5.943
奥,0,a,1,161,0.136,5.945
唱,0,c,3,160,0.135,5.945
锡,0,x,24,160,0.135,5.945
锐,0,r,18,159,0.135,5.945
妥,0,t,20,158,0.134,5.946
彦,0,y,25,156,0.132,5.946
琳,0,l,12,155,0.131,5.946
芙,0,f,6,153,0.129,5.947
淦,0,g,7,153,0.129,5.947
杲,0,g,7,152,0.129,5.947
姗,0,s,19,152,0.129,5.947
袭,0,x,24,152,0.129,5.947
焉,0,y,25,152,0.129,5.947
振,0,z,26,151,0.128,5.948
冲,0,c,3,150,0.127,5.948
呙,0,g,7,150,0.127,5.948
将,0,j,10,148,0.125,5.949
段干,1,d,4,147,0.124,5.949
十,0,s,19,146,0.124,5.949
胖,0,p,16,145,0.123,5.950
虢,0,g,7,142,0.120,5.951
闻人,1,w,23,142,0.120,5.951
贤,0,x,24,141,0.119,5.951
斗,0,d,4,140,0.118,5.951
萌,0,m,13,137,0.116,5.952
树,0,s,19,137,0.116,5.952
家,0,j,10,136,0.115,5.953
飘,0,p,16,136,0.115,5.953
森,0,s,19,135,0.114,5.953
雯,0,w,23,134,0.113,5.953
蓉,0,r,18,133,0.113,5.954
翔,0,x,24,132,0.112,5.954
克,0,k,11,130,0.110,5.955
非,0,f,6,129,0.109,5.955
接,0,j,10,129,0.109,5.955
胜,0,s,19,129,0.109,5.955
首,0,s,19,129,0.109,5.955
汉,0,h,8,128,0.108,5.955
镇,0,z,26,128,0.108,5.955
陕,0,s,19,127,0.107,5.956
者,0,z,26,127,0.107,5.956
贯,0,g,7,126,0.107,5.956
快,0,k,11,126,0.107,5.956
响,0,x,24,124,0.105,5.957
八,0,b,2,123,0.104,5.957
睛,0,j,10,122,0.103,5.957
蕊,0,r,18,122,0.103,5.957
好,0,h,8,121,0.102,5.958
主,0,z,26,121,0.102,5.958
茶,0,c,3,120,0.102,5.958
然,0,r,18,119,0.101,5.958
慎,0,s,19,119,0.101,5.958
璐,0,l,12,117,0.099,5.959
墨,0,m,13,117,0.099,5.959
薜,0,b,2,116,0.098,5.959
征,0,z,26,115,0.097,5.960
奔,0,b,2,112,0.095,5.961
北,0,b,2,111,0.094,5.961
启,0,q,17,111,0.094,5.961
菲,0,f,6,110,0.093,5.961
羿,0,y,25,110,0.093,5.961
佐,0,z,26,110,0.093,5.961
喇,0,l,12,107,0.091,5.962
须,0,x,24,107,0.091,5.962
蛋,0,d,4,105,0.089,5.963
院,0,y,25,105,0.089,5.963
栋,0,d,4,103,0.087,5.964
完,0,w,23,103,0.087,5.964
衷,0,z,26,103,0.087,5.964
列,0,l,12,102,0.086,5.964
微,0,w,23,101,0.085,5.964
卡,0,k,11,100,0.085,5.965
出,0,c,3,99,0.084,5.965
君,0,j,10,98,0.083,5.965
三,0,s,19,97,0.082,5.966
部,0,b,2,96,0.081,5.966
肉,0,r,18,96,0.081,5.966
让,0,r,18,94,0.080,5.967
狗,0,g,7,91,0.077,5.968
瑶,0,y,25,91,0.077,5.968
宽,0,k,11,90,0.076,5.968
比,0,b,2,89,0.075,5.968
乜,0,m,13,88,0.074,5.969
潭,0,t,20,88,0.074,5.969
陀,0,t,20,88,0.074,5.969
揣,0,c,3,87,0.074,5.969
忽,0,h,8,87,0.074,5.969
藤,0,t,20,87,0.074,5.969
落,0,l,12,84,0.071,5.970
琪,0,q,17,84,0.071,5.970
蝶,0,d,4,83,0.070,5.971
闹,0,n,14,83,0.070,5.971
有,0,y,25,83,0.070,5.971
等,0,d,4,81,0.069,5.971
发,0,f,6,80,0.068,5.972
昆,0,k,11,80,0.068,5.972
闾,0,l,12,79,0.067,5.972
传,0,z,26,78,0.066,5.972
拱,0,g,7,78,0.066,5.972
厚,0,h,8,77,0.065,5.973
日,0,r,18,77,0.065,5.973
遇,0,y,25,77,0.065,5.973
考,0,k,11,76,0.064,5.973
璩,0,q,17,76,0.064,5.973
为,0,w,23,76,0.064,5.973
剧,0,j,10,75,0.063,5.973
寒,0,h,8,74,0.063,5.974
昊,0,h,8,74,0.063,5.974
公孙,1,g,7,73,0.062,5.974
笛,0,d,4,72,0.061,5.974
是,0,s,19,72,0.061,5.974
益,0,y,25,72,0.061,5.974
还,0,h,8,71,0.060,5.975
瓮,0,w,23,71,0.060,5.975
淑,0,s,19,70,0.059,5.975
泰,0,t,20,70,0.059,5.975
孝,0,x,24,70,0.059,5.975
宜,0,y,25,69,0.058,5.975
茜,0,q,17,68,0.058,5.976
释,0,s,19,68,0.058,5.976
疏,0,s,19,68,0.058,5.976
丑,0,c,3,67,0.057,5.976
谷梁,1,g,7,67,0.057,5.976
降,0,j,10,67,0.057,5.976
彤,0,t,20,66,0.056,5.976
宰,0,z,26,66,0.056,5.976
潇,0,x,24,65,0.055,5.977
介,0,j,10,64,0.054,5.977
吾,0,w,23,64,0.054,5.977
摆,0,b,2,63,0.053,5.977
懂,0,d,4,63,0.053,5.977
岂,0,q,17,63,0.053,5.977
申屠,1,s,19,63,0.053,5.977
奕,0,y,25,63,0.053,5.977
槐,0,h,8,62,0.052,5.978
吁,0,y,25,62,0.052,5.978
学,0,x,24,62,0.052,5.978
秘,0,m,13,61,0.052,5.978
仙,0,x,24,61,0.052,5.978
骈,0,p,16,60,0.051,5.978
热,0,r,18,59,0.050,5.979
硕,0,s,19,59,0.050,5.979
婉,0,w,23,59,0.050,5.979
业,0,y,25,59,0.050,5.979
男,0,n,14,57,0.048,5.980
少,0,s,19,57,0.048,5.980
源,0,y,25,57,0.048,5.980
诚,0,c,3,56,0.047,5.980
佩,0,p,16,56,0.047,5.980
傲,0,a,1,55,0.047,5.980
辰,0,c,3,55,0.047,5.980
乃,0,n,14,55,0.047,5.980
拾,0,s,19,55,0.047,5.980
正,0,z,26,55,0.047,5.980
峰,0,f,6,54,0.046,5.981
合,0,h,8,54,0.046,5.981
健,0,j,10,54,0.046,5.981
提,0,t,20,54,0.046,5.981
锦,0,j,10,53,0.045,5.981
菜,0,c,3,52,0.044,5.981
灰,0,h,8,52,0.044,5.981
善,0,s,19,52,0.044,5.981
剡,0,s,19,52,0.044,5.981
句,0,j,10,51,0.043,5.982
玛,0,m,13,51,0.043,5.982
亓官,1,q,17,51,0.043,5.982
只,0,z,26,51,0.043,5.982
次,0,c,3,50,0.042,5.982
珂,0,k,11,50,0.042,5.982
麒,0,q,17,50,0.042,5.982
卧,0,w,23,50,0.042,5.982
鄞,0,y,25,50,0.042,5.982
产,0,c,3,49,0.041,5.982
点,0,d,4,49,0.041,5.982
辉,0,h,8,49,0.041,5.982
琦,0,q,17,49,0.041,5.982
炎,0,y,25,49,0.041,5.982
樱,0,y,25,49,0.041,5.982
端木,1,d,4,48,0.041,5.983
公祖,1,g,7,48,0.041,5.983
玖,0,j,10,48,0.041,5.983
傻,0,s,19,48,0.041,5.983
岁,0,s,19,48,0.041,5.983
翦,0,j,10,47,0.040,5.983
立,0,l,12,47,0.040,5.983
他,0,t,20,47,0.040,5.983
药,0,y,25,47,0.040,5.983
野,0,y,25,47,0.040,5.983
裔,0,y,25,47,0.040,5.983
贠,0,y,25,47,0.040,5.983
桥,0,q,17,46,0.039,5.983
的,0,d,4,45,0.038,5.984
含,0,h,8,45,0.038,5.984
南宫,1,n,14,45,0.038,5.984
侬,0,n,14,45,0.038,5.984
淘,0,t,20,45,0.038,5.984
钊,0,z,26,45,0.038,5.984
鸿,0,h,8,44,0.037,5.984
呈,0,c,3,43,0.036,5.984
科,0,k,11,43,0.036,5.984
梨,0,l,12,43,0.036,5.984
淼,0,m,13,43,0.036,5.984
妙,0,m,13,43,0.036,5.984
世,0,s,19,43,0.036,5.984
羽,0,y,25,43,0.036,5.984
犹,0,y,25,42,0.036,5.985
油,0,y,25,42,0.036,5.985
掌,0,z,26,42,0.036,5.985
缴,0,z,26,41,0.035,5.985
教,0,j,10,41,0.035,5.985
羌,0,q,17,41,0.035,5.985
若,0,r,18,41,0.035,5.985
环,0,h,8,40,0.034,5.986
潜,0,q,17,40,0.034,5.986
脱,0,t,20,40,0.034,5.986
糟,0,z,26,40,0.034,5.986
把,0,b,2,39,0.033,5.986
百,0,b,2,39,0.033,5.986
具,0,j,10,39,0.033,5.986
添,0,t,20,39,0.033,5.986
绪,0,x,24,39,0.033,5.986
重,0,z,26,39,0.033,5.986
粘,0,z,26,38,0.032,5.986
婵,0,c,3,37,0.031,5.987
薇,0,w,23,37,0.031,5.987
溪,0,x,24,37,0.031,5.987
蔓,0,m,13,36,0.030,5.987
润,0,r,18,36,0.030,5.987
汶,0,w,23,36,0.030,5.987
珍,0,z,26,36,0.030,5.987
财,0,c,3,35,0.030,5.987
晃,0,h,8,35,0.030,5.987
录,0,l,12,35,0.030,5.987
芒,0,m,13,35,0.030,5.987
耀,0,y,25,35,0.030,5.987
早,0,z,26,35,0.030,5.987
不,0,b,2,34,0.029,5.988
婧,0,j,10,34,0.029,5.988
默,0,m,13,34,0.029,5.988
绒,0,r,18,34,0.029,5.988
楮,0,c,3,33,0.028,5.988
奂,0,h,8,33,0.028,5.988
津,0,j,10,33,0.028,5.988
亲,0,q,17,33,0.028,5.988
样,0,y,25,33,0.028,5.988
优,0,y,25,33,0.028,5.988
哲,0,z,26,33,0.028,5.988
独,0,d,4,32,0.027,5.988
节,0,j,10,32,0.027,5.988
铃,0,l,12,32,0.027,5.988
俏,0,q,17,32,0.027,5.988
莘,0,s,19,32,0.027,5.988
妍,0,y,25,32,0.027,5.988
怡,0,y,25,32,0.027,5.988
赢,0,y,25,32,0.027,5.988
邾,0,z,26,32,0.027,5.988
当,0,d,4,31,0.026,5.989
酒,0,j,10,31,0.026,5.989
绿,0,l,12,31,0.026,5.989
妈,0,m,13,31,0.026,5.989
们,0,m,13,31,0.026,5.989
能,0,n,14,31,0.026,5.989
杉,0,s,19,31,0.026,5.989
厍,0,s,19,31,0.026,5.989
巫马,1,w,23,31,0.026,5.989
彪,0,b,2,30,0.025,5.989
佴,0,e,5,30,0.025,5.989
公伯,1,g,7,30,0.025,5.989
朦,0,m,13,30,0.025,5.989
图,0,t,20,30,0.025,5.989
友,0,y,25,30,0.025,5.989
芸,0,y,25,30,0.025,5.989
允,0,y,25,30,0.025,5.989
层,0,c,3,29,0.025,5.989
尔,0,e,5,29,0.025,5.989
公西,1,g,7,29,0.025,5.989
坚,0,j,10,29,0.025,5.989
礼,0,l,12,29,0.025,5.989
士,0,s,19,29,0.025,5.989
灯,0,d,4,28,0.024,5.990
逗,0,d,4,28,0.024,5.990
俄,0,e,5,28,0.024,5.990
浮,0,f,6,28,0.024,5.990
南门,1,n,14,28,0.024,5.990
勤,0,q,17,28,0.024,5.990
威,0,w,23,28,0.024,5.990
钏,0,c,3,27,0.023,5.990
府,0,f,6,27,0.023,5.990
革,0,g,7,27,0.023,5.990
息,0,x,24,27,0.023,5.990
尘,0,c,3,26,0.022,5.991
葱,0,c,3,26,0.022,5.991
呆,0,d,4,26,0.022,5.991
蜂,0,f,6,26,0.022,5.991
警,0,j,10,26,0.022,5.991
隽,0,j,10,26,0.022,5.991
郐,0,k,11,26,0.022,5.991
蜜,0,m,13,26,0.022,5.991
邳,0,p,16,26,0.022,5.991
散,0,s,19,26,0.022,5.991
霜,0,s,19,26,0.022,5.991
弦,0,x,24,26,0.022,5.991
锋,0,f,6,25,0.021,5.991
扣,0,k,11,25,0.021,5.991
联,0,l,12,25,0.021,5.991
庭,0,t,20,25,0.021,5.991
璇,0,x,24,25,0.021,5.991
蚁,0,y,25,25,0.021,5.991
采,0,c,3,24,0.020,5.991
公仲,1,g,7,24,0.020,5.991
融,0,r,18,24,0.020,5.991
长孙,1,z,26,24,0.020,5.991
踪,0,z,26,24,0.020,5.991
潮,0,c,3,23,0.019,5.992
菁,0,j,10,23,0.019,5.992
芈,0,m,13,23,0.019,5.992
名,0,m,13,23,0.019,5.992
诗,0,s,19,23,0.019,5.992
攸,0,y,25,23,0.019,5.992
在,0,z,26,23,0.019,5.992
河,0,h,8,22,0.019,5.992
俱,0,j,10,22,0.019,5.992
淋,0,l,12,22,0.019,5.992
翩,0,p,16,22,0.019,5.992
伞,0,s,19,22,0.019,5.992
我,0,w,23,22,0.019,5.992
芽,0,y,25,22,0.019,5.992
本,0,b,2,21,0.018,5.992
定,0,d,4,21,0.018,5.992
记,0,j,10,21,0.018,5.992
奎,0,k,11,21,0.018,5.992
柒,0,q,17,21,0.018,5.992
舍,0,s,19,21,0.018,5.992
所,0,s,19,21,0.018,5.992
桐,0,t,20,21,0.018,5.992
尉迟,1,y,25,21,0.018,5.992
轩辕,1,x,24,21,0.018,5.992
烟,0,y,25,21,0.018,5.992
宴,0,y,25,21,0.018,5.992
钟离,1,z,26,21,0.018,5.992
逢,0,f,6,20,0.017,5.993
个,0,g,7,20,0.017,5.993
茉,0,m,13,20,0.017,5.993
你,0,n,14,20,0.017,5.993
特,0,t,20,20,0.017,5.993
务,0,w,23,20,0.017,5.993
线,0,x,24,20,0.017,5.993
昕,0,x,24,20,0.017,5.993
沿,0,y,25,20,0.017,5.993
治,0,z,26,20,0.017,5.993
催,0,c,3,19,0.016,5.993
得,0,d,4,19,0.016,5.993
喊,0,h,8,19,0.016,5.993
梁丘,1,l,12,19,0.016,5.993
枚,0,m,13,19,0.016,5.993
勉,0,m,13,19,0.016,5.993
孬,0,n,14,19,0.016,5.993
暖,0,n,14,19,0.016,5.993
琼,0,q,17,19,0.016,5.993
求,0,q,17,19,0.016,5.993
睿,0,r,18,19,0.016,5.993
飒,0,s,19,19,0.016,5.993
土,0,t,20,19,0.016,5.993
团,0,t,20,19,0.016,5.993
馨,0,x,24,19,0.016,5.993
航,0,h,8,18,0.015,5.993
淮,0,h,8,18,0.015,5.993
会,0,h,8,18,0.015,5.993
桔,0,j,10,18,0.015,5.993
勒,0,l,12,18,0.015,5.993
球,0,q,17,18,0.015,5.993
泉,0,q,17,18,0.015,5.993
葸,0,x,24,18,0.015,5.993
孛,0,b,2,17,0.014,5.994
甫,0,f,6,17,0.014,5.994
暨,0,j,10,17,0.014,5.994
竭,0,j,10,17,0.014,5.994
良,0,l,12,17,0.014,5.994
苹,0,p,16,17,0.014,5.994
哇,0,w,23,17,0.014,5.994
夷,0,y,25,17,0.014,5.994
悠,0,y,25,17,0.014,5.994
舟,0,z,26,17,0.014,5.994
猜,0,c,3,16,0.014,5.994
皓,0,h,8,16,0.014,5.994
角,0,j,10,16,0.014,5.994
迷,0,m,13,16,0.014,5.994
庙,0,m,13,16,0.014,5.994
跑,0,p,16,16,0.014,5.994
芊,0,q,17,16,0.014,5.994
匙,0,s,19,16,0.014,5.994
殳,0,s,19,16,0.014,5.994
乡,0,x,24,16,0.014,5.994
享,0,x,24,16,0.014,5.994
兆,0,z,26,16,0.014,5.994
忠,0,z,26,16,0.014,5.994
打,0,d,4,15,0.013,5.995
典,0,d,4,15,0.013,5.995
番,0,f,6,15,0.013,5.995
庚,0,g,7,15,0.013,5.995
瑚,0,h,8,15,0.013,5.995
鉴,0,j,10,15,0.013,5.995
款,0,k,11,15,0.013,5.995
堂,0,t,20,15,0.013,5.995
想,0,x,24,15,0.013,5.995
卑,0,b,2,14,0.012,5.995
啜,0,c,3,14,0.012,5.995
第五,1,d,4,14,0.012,5.995
佃,0,d,4,14,0.012,5.995
净,0,j,10,14,0.012,5.995
跳,0,t,20,14,0.012,5.995
秧,0,y,25,14,0.012,5.995
映,0,y,25,14,0.012,5.995
转,0,z,26,14,0.012,5.995
梓,0,z,26,14,0.012,5.995
禅,0,c,3,13,0.011,5.995
城,0,c,3,13,0.011,5.995
纯,0,c,3,13,0.011,5.995
阁,0,g,7,13,0.011,5.995
公良,1,g,7,13,0.011,5.995
罕,0,h,8,13,0.011,5.995
洁,0,j,10,13,0.011,5.995
猫,0,m,13,13,0.011,5.995
没,0,m,13,13,0.011,5.995
攀,0,p,16,13,0.011,5.995
棋,0,q,17,13,0.011,5.995
前,0,q,17,13,0.011,5.995
群,0,q,17,13,0.011,5.995
郤,0,x,24,13,0.011,5.995
意,0,y,25,13,0.011,5.995
音,0,y,25,13,0.011,5.995
称,0,c,3,12,0.010,5.996
赤,0,c,3,12,0.010,5.996
钭,0,t,20,12,0.010,5.996
弘,0,h,8,12,0.010,5.996
夹,0,j,10,12,0.010,5.996
见,0,j,10,12,0.010,5.996
剑,0,j,10,12,0.010,5.996
聚,0,j,10,12,0.010,5.996
流,0,l,12,12,0.010,5.996
闰,0,r,18,12,0.010,5.996
绍,0,s,19,12,0.010,5.996
烁,0,s,19,12,0.010,5.996
司空,1,s,19,12,0.010,5.996
姓,0,x,24,12,0.010,5.996
顼,0,x,24,12,0.010,5.996
腰,0,y,25,12,0.010,5.996
迮,0,z,26,12,0.010,5.996
仲孙,1,z,26,12,0.010,5.996
叮,0,d,4,11,0.009,5.996
东里,1,d,4,11,0.009,5.996
各,0,g,7,11,0.009,5.996
蝴,0,h,8,11,0.009,5.996
活,0,h,8,11,0.009,5.996
皎,0,j,10,11,0.009,5.996
客,0,k,11,11,0.009,5.996
困,0,k,11,11,0.009,5.996
莽,0,m,13,11,0.009,5.996
省,0,s,19,11,0.009,5.996
艺,0,y,25,11,0.009,5.996
昃,0,z,26,11,0.009,5.996
阵,0,z,26,11,0.009,5.996
策,0,c,3,10,0.008,5.996
第,0,d,4,10,0.008,5.996
冠,0,g,7,10,0.008,5.996
撖,0,h,8,10,0.008,5.996
荚,0,j,10,10,0.008,5.996
渐,0,j,10,10,0.008,5.996
卷,0,j,10,10,0.008,5.996
貌,0,m,13,10,0.008,5.996
铭,0,m,13,10,0.008,5.996
澎,0,p,16,10,0.008,5.996
钤,0,q,17,10,0.008,5.996
樵,0,q,17,10,0.008,5.996
燃,0,r,18,10,0.008,5.996
赏,0,s,19,10,0.008,5.996
板,0,b,2,9,0.008,5.997
犇,0,b,2,9,0.008,5.997
标,0,b,2,9,0.008,5.997
褚师,1,c,3,9,0.008,5.997
创,0,c,3,9,0.008,5.997
翠,0,c,3,9,0.008,5.997
鬲,0,g,7,9,0.008,5.997
涵,0,h,8,9,0.008,5.997
骞,0,q,17,9,0.008,5.997
峻,0,j,10,9,0.008,5.997
抗,0,k,11,9,0.008,5.997
阔,0,k,11,9,0.008,5.997
荔,0,l,12,9,0.008,5.997
寥,0,l,12,9,0.008,5.997
书,0,s,19,9,0.008,5.997
晚,0,w,23,9,0.008,5.997
羡,0,x,24,9,0.008,5.997
旋,0,x,24,9,0.008,5.997
钰,0,y,25,9,0.008,5.997
柘,0,z,26,9,0.008,5.997
颛,0,z,26,9,0.008,5.997
碧,0,b,2,8,0.007,5.997
闯,0,c,3,8,0.007,5.997
奋,0,f,6,8,0.007,5.997
公山,1,g,7,8,0.007,5.997
翰,0,h,8,8,0.007,5.997
荷,0,h,8,8,0.007,5.997
鸡,0,j,10,8,0.007,5.997
瑾,0,j,10,8,0.007,5.997
就,0,j,10,8,0.007,5.997
稂,0,l,12,8,0.007,5.997
靓,0,l,12,8,0.007,5.997
帕,0,p,16,8,0.007,5.997
盆,0,p,16,8,0.007,5.997
柔,0,r,18,8,0.007,5.997
术,0,s,19,8,0.007,5.997
死,0,s,19,8,0.007,5.997
镡,0,c,3,8,0.007,5.997
题,0,t,20,8,0.007,5.997
焱,0,y,25,8,0.007,5.997
夜,0,y,25,8,0.007,5.997
莺,0,y,25,8,0.007,5.997
誉,0,y,25,8,0.007,5.997
缘,0,y,25,8,0.007,5.997
韵,0,y,25,8,0.007,5.997
芷,0,z,26,8,0.007,5.997
左丘,1,z,26,8,0.007,5.997
霸,0,b,2,7,0.006,5.997
表,0,b,2,7,0.006,5.997
琛,0,c,3,7,0.006,5.997
炊,0,c,3,7,0.006,5.997
答,0,d,4,7,0.006,5.997
澹,0,d,4,7,0.006,5.997
佛,0,f,6,7,0.006,5.997
罡,0,g,7,7,0.006,5.997
雎,0,j,10,7,0.006,5.997
空,0,k,11,7,0.006,5.997
啦,0,l,12,7,0.006,5.997
辽,0,l,12,7,0.006,5.997
霖,0,l,12,7,0.006,5.997
率,0,s,19,7,0.006,5.997
钳,0,q,17,7,0.006,5.997
雀,0,q,17,7,0.006,5.997
速,0,s,19,7,0.006,5.997
滔,0,t,20,7,0.006,5.997
维,0,w,23,7,0.006,5.997
梧,0,w,23,7,0.006,5.997
西门,1,x,24,7,0.006,5.997
湘,0,x,24,7,0.006,5.997
宵,0,x,24,7,0.006,5.997
效,0,x,24,7,0.006,5.997
萱,0,x,24,7,0.006,5.997
娅,0,y,25,7,0.006,5.997
颖,0,y,25,7,0.006,5.997
则,0,z,26,7,0.006,5.997
政,0,z,26,7,0.006,5.997
直,0,z,26,7,0.006,5.997
丙,0,b,2,6,0.005,5.998
臭,0,c,3,6,0.005,5.998
疯,0,f,6,6,0.005,5.998
伽,0,j,10,6,0.005,5.998
公羊,1,g,7,6,0.005,5.998
乖,0,g,7,6,0.005,5.998
画,0,h,8,6,0.005,5.998
几,0,j,10,6,0.005,5.998
剌,0,l,12,6,0.005,5.998
了,0,l,12,6,0.005,5.998
论,0,l,12,6,0.005,5.998
溥,0,p,16,6,0.005,5.998
岐,0,q,17,6,0.005,5.998
乞,0,q,17,6,0.005,5.998
谦,0,q,17,6,0.005,5.998
蘧,0,q,17,6,0.005,5.998
人,0,r,18,6,0.005,5.998
肜,0,r,18,6,0.005,5.998
上,0,s,19,6,0.005,5.998
守,0,s,19,6,0.005,5.998
说,0,s,19,6,0.005,5.998
瓦,0,w,23,6,0.005,5.998
兀,0,w,23,6,0.005,5.998
曦,0,x,24,6,0.005,5.998
县,0,x,24,6,0.005,5.998
筱,0,x,24,6,0.005,5.998
芯,0,x,24,6,0.005,5.998
耶,0,y,25,6,0.005,5.998
移,0,y,25,6,0.005,5.998
以,0,y,25,6,0.005,5.998
毅,0,y,25,6,0.005,5.998
再,0,z,26,6,0.005,5.998
子书,1,z,26,6,0.005,5.998
霭,0,a,1,5,0.004,5.998
炳,0,b,2,5,0.004,5.998
草,0,c,3,5,0.004,5.998
测,0,c,3,5,0.004,5.998
茌,0,c,3,5,0.004,5.998
存,0,c,3,5,0.004,5.998
岛,0,d,4,5,0.004,5.998
斐,0,f,6,5,0.004,5.998
枫,0,f,6,5,0.004,5.998
敢,0,g,7,5,0.004,5.998
岗,0,g,7,5,0.004,5.998
工,0,g,7,5,0.004,5.998
公冶,1,g,7,5,0.004,5.998
猴,0,h,8,5,0.004,5.998
集,0,j,10,5,0.004,5.998
蒉,0,k,11,5,0.004,5.998
疗,0,l,12,5,0.004,5.998
玫,0,m,13,5,0.004,5.998
泡,0,p,16,5,0.004,5.998
漆雕,1,q,17,5,0.004,5.998
浅,0,q,17,5,0.004,5.998
叔,0,s,19,5,0.004,5.998
恬,0,t,20,5,0.004,5.998
夕,0,x,24,5,0.004,5.998
熙,0,x,24,5,0.004,5.998
霞,0,x,24,5,0.004,5.998
杏,0,x,24,5,0.004,5.998
养,0,y,25,5,0.004,5.998
亿,0,y,25,5,0.004,5.998
寅,0,y,25,5,0.004,5.998
酉,0,y,25,5,0.004,5.998
仔,0,z,26,5,0.004,5.998
旃,0,z,26,5,0.004,5.998
知,0,z,26,5,0.004,5.998
洲,0,z,26,5,0.004,5.998
皱,0,z,26,5,0.004,5.998
猪,0,z,26,5,0.004,5.998
坝,0,b,2,4,0.003,5.999
笨,0,b,2,4,0.003,5.999
彼,0,b,2,4,0.003,5.999
璨,0,c,3,4,0.003,5.999
察,0,c,3,4,0.003,5.999
宸,0,c,3,4,0.003,5.999
澄,0,c,3,4,0.003,5.999
带,0,d,4,4,0.003,5.999
黛,0,d,4,4,0.003,5.999
帝,0,d,4,4,0.003,5.999
鼎,0,d,4,4,0.003,5.999
东郭,1,d,4,4,0.003,5.999
冻,0,d,4,4,0.003,5.999
兑,0,d,4,4,0.003,5.999
墩,0,d,4,4,0.003,5.999
笱,0,g,7,4,0.003,5.999
伙,0,h,8,4,0.003,5.999
祭,0,j,10,4,0.003,5.999
捷,0,j,10,4,0.003,5.999
竟,0,j,10,4,0.003,5.999
莒,0,j,10,4,0.003,5.999
楷,0,k,11,4,0.003,5.999
岚,0,l,12,4,0.003,5.999
离,0,l,12,4,0.003,5.999
烈,0,l,12,4,0.003,5.999
珑,0,l,12,4,0.003,5.999
庐,0,l,12,4,0.003,5.999
祃,0,m,13,4,0.003,5.999
茂,0,m,13,4,0.003,5.999
每,0,m,13,4,0.003,5.999
呢,0,n,14,4,0.003,5.999
墙,0,q,17,4,0.003,5.999
巧,0,q,17,4,0.003,5.999
榕,0,r,18,4,0.003,5.999
体,0,t,20,4,0.003,5.999
隰,0,x,24,4,0.003,5.999
宪,0,x,24,4,0.003,5.999
筵,0,y,25,4,0.003,5.999
垚,0,y,25,4,0.003,5.999
滢,0,y,25,4,0.003,5.999
嬴,0,y,25,4,0.003,5.999
用,0,y,25,4,0.003,5.999
裕,0,y,25,4,0.003,5.999
玥,0,y,25,4,0.003,5.999
增,0,z,26,4,0.003,5.999
昭,0,z,26,4,0.003,5.999
召,0,z,26,4,0.003,5.999
针,0,z,26,4,0.003,5.999
子桑,1,z,26,4,0.003,5.999
鞍,0,a,1,3,0.003,5.999
拔,0,b,2,3,0.003,5.999
报,0,b,2,3,0.003,5.999
衬,0,c,3,3,0.003,5.999
虫,0,c,3,3,0.003,5.999
矗,0,c,3,3,0.003,5.999
藩,0,f,6,3,0.003,5.999
感,0,g,7,3,0.003,5.999
公坚,1,g,7,3,0.003,5.999
公上,1,g,7,3,0.003,5.999
滚,0,g,7,3,0.003,5.999
晗,0,h,8,3,0.003,5.999
葫,0,h,8,3,0.003,5.999
棘,0,j,10,3,0.003,5.999
藉,0,j,10,3,0.003,5.999
监,0,j,10,3,0.003,5.999
荐,0,j,10,3,0.003,5.999
觉,0,j,10,3,0.003,5.999
竞,0,j,10,3,0.003,5.999
局,0,j,10,3,0.003,5.999
骏,0,j,10,3,0.003,5.999
咖,0,k,11,3,0.003,5.999
澜,0,l,12,3,0.003,5.999
聊,0,l,12,3,0.003,5.999
陇,0,l,12,3,0.003,5.999
轮,0,l,12,3,0.003,5.999
迈,0,m,13,3,0.003,5.999
漫,0,m,13,3,0.003,5.999
祈,0,q,17,3,0.003,5.999
祺,0,q,17,3,0.003,5.999
穰,0,r,18,3,0.003,5.999
洒,0,s,19,3,0.003,5.999
升,0,s,19,3,0.003,5.999
受,0,s,19,3,0.003,5.999
姝,0,s,19,3,0.003,5.999
寺,0,s,19,3,0.003,5.999
姒,0,s,19,3,0.003,5.999
肆,0,s,19,3,0.003,5.999
糖,0,t,20,3,0.003,5.999
万俟,1,w,23,3,0.003,5.999
巍,0,w,23,3,0.003,5.999
缐,0,x,24,3,0.003,5.999
霄,0,x,24,3,0.003,5.999
又,0,y,25,3,0.003,5.999
瑜,0,y,25,3,0.003,5.999
语,0,y,25,3,0.003,5.999
园,0,y,25,3,0.003,5.999
责,0,z,26,3,0.003,5.999
轧,0,z,26,3,0.003,5.999
遮,0,z,26,3,0.003,5.999
喆,0,z,26,3,0.003,5.999
臻,0,z,26,3,0.003,5.999
朕,0,z,26,3,0.003,5.999
指,0,z,26,3,0.003,5.999
陟,0,z,26,3,0.003,5.999
致,0,z,26,3,0.003,5.999
澳,0,a,1,2,0.002,5.999
蚌,0,b,2,2,0.002,5.999
差,0,c,3,2,0.002,5.999
筹,0,c,3,2,0.002,5.999
川,0,c,3,2,0.002,5.999
聃,0,d,4,2,0.002,5.999
澹台,1,t,20,2,0.002,5.999
到,0,d,4,2,0.002,5.999
迭,0,d,4,2,0.002,5.999
陡,0,d,4,2,0.002,5.999
嘟,0,d,4,2,0.002,5.999
读,0,d,4,2,0.002,5.999
儿,0,e,5,2,0.002,5.999
反,0,f,6,2,0.002,5.999
梵,0,f,6,2,0.002,5.999
放,0,f,6,2,0.002,5.999
翡,0,f,6,2,0.002,5.999
服,0,f,6,2,0.002,5.999
憨,0,h,8,2,0.002,5.999
号,0,h,8,2,0.002,5.999
禾,0,h,8,2,0.002,5.999
轷,0,h,8,2,0.002,5.999
狐,0,h,8,2,0.002,5.999
浣,0,h,8,2,0.002,5.999
翚,0,h,8,2,0.002,5.999
混,0,h,8,2,0.002,5.999
基,0,j,10,2,0.002,5.999
济,0,j,10,2,0.002,5.999
寂,0,j,10,2,0.002,5.999
谨,0,j,10,2,0.002,5.999
精,0,j,10,2,0.002,5.999
菊,0,j,10,2,0.002,5.999
炕,0,k,11,2,0.002,5.999
葵,0,k,11,2,0.002,5.999
锟,0,k,11,2,0.002,5.999
陵,0,l,12,2,0.002,5.999
漏,0,l,12,2,0.002,5.999
孪,0,l,12,2,0.002,5.999
侣,0,l,12,2,0.002,5.999
峁,0,m,13,2,0.002,5.999
煤,0,m,13,2,0.002,5.999
魅,0,m,13,2,0.002,5.999
檬,0,m,13,2,0.002,5.999
民,0,m,13,2,0.002,5.999
末,0,m,13,2,0.002,5.999
貊,0,m,13,2,0.002,5.999
泥,0,n,14,2,0.002,5.999
女,0,n,14,2,0.002,5.999
讴,0,o,15,2,0.002,5.999
鸥,0,o,15,2,0.002,5.999
牌,0,p,16,2,0.002,5.999
蓬,0,p,16,2,0.002,5.999
颇,0,p,16,2,0.002,5.999
仆,0,p,16,2,0.002,5.999
淇,0,q,17,2,0.002,5.999
骑,0,q,17,2,0.002,5.999
汽,0,q,17,2,0.002,5.999
茄,0,q,17,2,0.002,5.999
且,0,q,17,2,0.002,5.999
怯,0,q,17,2,0.002,5.999
苫,0,s,19,2,0.002,5.999
仕,0,s,19,2,0.002,5.999
司寇,1,s,19,2,0.002,5.999
徒,0,t,20,2,0.002,5.999
歪,0,w,23,2,0.002,5.999
碗,0,w,23,2,0.002,5.999
往,0,w,23,2,0.002,5.999
洗,0,x,24,2,0.002,5.999
系,0,x,24,2,0.002,5.999
显,0,x,24,2,0.002,5.999
霰,0,x,24,2,0.002,5.999
骁,0,x,24,2,0.002,5.999
协,0,x,24,2,0.002,5.999
凶,0,x,24,2,0.002,5.999
雄,0,x,24,2,0.002,5.999
戌,0,x,24,2,0.002,5.999
铉,0,x,24,2,0.002,5.999
崖,0,y,25,2,0.002,5.999
琰,0,y,25,2,0.002,5.999
烨,0,y,25,2,0.002,5.999
壹,0,y,25,2,0.002,5.999
倚,0,y,25,2,0.002,5.999
邑,0,y,25,2,0.002,5.999
茵,0,y,25,2,0.002,5.999
幽,0,y,25,2,0.002,5.999
佑,0,y,25,2,0.002,5.999
育,0,y,25,2,0.002,5.999
郧,0,y,25,2,0.002,5.999
乍,0,z,26,2,0.002,5.999
住,0,z,26,2,0.002,5.999
爸,0,b,2,1,0.001,6.000
佰,0,b,2,1,0.001,6.000
倍,0,b,2,1,0.001,6.000
崩,0,b,2,1,0.001,6.000
逼,0,b,2,1,0.001,6.000
弁,0,b,2,1,0.001,6.000
滨,0,b,2,1,0.001,6.000
缠,0,c,3,1,0.001,6.000
彻,0,c,3,1,0.001,6.000
臣,0,c,3,1,0.001,6.000
趁,0,c,3,1,0.001,6.000
瘳,0,c,3,1,0.001,6.000
础,0,c,3,1,0.001,6.000
锤,0,c,3,1,0.001,6.000
醋,0,c,3,1,0.001,6.000
达奚,1,d,4,1,0.001,6.000
歹,0,d,4,1,0.001,6.000
郸,0,d,4,1,0.001,6.000
甸,0,d,4,1,0.001,6.000
雕,0,d,4,1,0.001,6.000
兜,0,d,4,1,0.001,6.000
度,0,d,4,1,0.001,6.000
哆,0,d,4,1,0.001,6.000
掇,0,d,4,1,0.001,6.000
夺,0,d,4,1,0.001,6.000
铎,0,d,4,1,0.001,6.000
恶,0,e,5,1,0.001,6.000
耳,0,e,5,1,0.001,6.000
帆,0,f,6,1,0.001,6.000
纺,0,f,6,1,0.001,6.000
分,0,f,6,1,0.001,6.000
苻,0,f,6,1,0.001,6.000
附,0,f,6,1,0.001,6.000
复,0,f,6,1,0.001,6.000
副,0,f,6,1,0.001,6.000
馥,0,f,6,1,0.001,6.000
跟,0,g,7,1,0.001,6.000
公仪,1,g,7,1,0.001,6.000
恭,0,g,7,1,0.001,6.000
孤,0,g,7,1,0.001,6.000
骨,0,g,7,1,0.001,6.000
莞,0,w,23,1,0.001,6.000
函,0,h,8,1,0.001,6.000
瀚,0,h,8,1,0.001,6.000
斛,0,h,8,1,0.001,6.000
桦,0,h,8,1,0.001,6.000
徽,0,h,8,1,0.001,6.000
汇,0,h,8,1,0.001,6.000
浑,0,h,8,1,0.001,6.000
货,0,h,8,1,0.001,6.000
极,0,j,10,1,0.001,6.000
即,0,j,10,1,0.001,6.000
剪,0,j,10,1,0.001,6.000
骄,0,j,10,1,0.001,6.000
绞,0,j,10,1,0.001,6.000
叫,0,j,10,1,0.001,6.000
桀,0,j,10,1,0.001,6.000
婕,0,j,10,1,0.001,6.000
界,0,j,10,1,0.001,6.000
今,0,j,10,1,0.001,6.000
进,0,j,10,1,0.001,6.000
璟,0,j,10,1,0.001,6.000
举,0,j,10,1,0.001,6.000
涓,0,j,10,1,0.001,6.000
郡,0,j,10,1,0.001,6.000
咔,0,k,11,1,0.001,6.000
坑,0,k,11,1,0.001,6.000
口,0,k,11,1,0.001,6.000
魁,0,k,11,1,0.001,6.000
垃,0,l,12,1,0.001,6.000
篮,0,l,12,1,0.001,6.000
莅,0,l,12,1,0.001,6.000
炼,0,l,12,1,0.001,6.000
寮,0,l,12,1,0.001,6.000
羚,0,l,12,1,0.001,6.000
琉,0,l,12,1,0.001,6.000
泷,0,l,12,1,0.001,6.000
旅,0,l,12,1,0.001,6.000
慢,0,m,13,1,0.001,6.000
忙,0,m,13,1,0.001,6.000
鸣,0,m,13,1,0.001,6.000
茗,0,m,13,1,0.001,6.000
谬,0,m,13,1,0.001,6.000
沫,0,m,13,1,0.001,6.000
幕,0,m,13,1,0.001,6.000
奈,0,n,14,1,0.001,6.000
辇,0,n,14,1,0.001,6.000
廿,0,n,14,1,0.001,6.000
尿,0,n,14,1,0.001,6.000
柠,0,n,14,1,0.001,6.000
纽,0,n,14,1,0.001,6.000
弄,0,n,14,1,0.001,6.000
糯,0,n,14,1,0.001,6.000
偶,0,o,15,1,0.001,6.000
藕,0,o,15,1,0.001,6.000
蟠,0,p,16,1,0.001,6.000
屁,0,p,16,1,0.001,6.000
谱,0,p,16,1,0.001,6.000
期,0,q,17,1,0.001,6.000
却,0,q,17,1,0.001,6.000
苒,0,r,18,1,0.001,6.000
褥,0,r,18,1,0.001,6.000
色,0,s,19,1,0.001,6.000
鄯,0,s,19,1,0.001,6.000
裳,0,s,19,1,0.001,6.000
韶,0,s,19,1,0.001,6.000
伸,0,s,19,1,0.001,6.000
什,0,s,19,1,0.001,6.000
审,0,s,19,1,0.001,6.000
晟,0,s,19,1,0.001,6.000
式,0,s,19,1,0.001,6.000
数,0,s,19,1,0.001,6.000
穗,0,s,19,1,0.001,6.000
她,0,t,20,1,0.001,6.000
沓,0,t,20,1,0.001,6.000
棠,0,t,20,1,0.001,6.000
调,0,t,20,1,0.001,6.000
霆,0,t,20,1,0.001,6.000
豌,0,w,23,1,0.001,6.000
唯,0,w,23,1,0.001,6.000
玮,0,w,23,1,0.001,6.000
炜,0,w,23,1,0.001,6.000
慰,0,w,23,1,0.001,6.000
蚊,0,w,23,1,0.001,6.000
悟,0,w,23,1,0.001,6.000
昔,0,x,24,1,0.001,6.000
悉,0,x,24,1,0.001,6.000
现,0,x,24,1,0.001,6.000
象,0,x,24,1,0.001,6.000
哓,0,x,24,1,0.001,6.000
形,0,x,24,1,0.001,6.000
性,0,x,24,1,0.001,6.000
休,0,x,24,1,0.001,6.000
暄,0,x,24,1,0.001,6.000
炫,0,x,24,1,0.001,6.000
押,0,y,25,1,0.001,6.000
胭,0,y,25,1,0.001,6.000
演,0,y,25,1,0.001,6.000
夭,0,y,25,1,0.001,6.000
绎,0,y,25,1,0.001,6.000
逸,0,y,25,1,0.001,6.000
熠,0,y,25,1,0.001,6.000
懿,0,y,25,1,0.001,6.000
荫,0,y,25,1,0.001,6.000
引,0,y,25,1,0.001,6.000
瑛,0,y,25,1,0.001,6.000
影,0,y,25,1,0.001,6.000
邮,0,y,25,1,0.001,6.000
予,0,y,25,1,0.001,6.000
芋,0,y,25,1,0.001,6.000
渊,0,y,25,1,0.001,6.000
跃,0,y,25,1,0.001,6.000
郓,0,y,25,1,0.001,6.000
蕴,0,y,25,1,0.001,6.000
皂,0,z,26,1,0.001,6.000
笮,0,z,26,1,0.001,6.000
绽,0,z,26,1,0.001,6.000
照,0,z,26,1,0.001,6.000
蓁,0,z,26,1,0.001,6.000
轸,0,z,26,1,0.001,6.000
蒸,0,z,26,1,0.001,6.000
证,0,z,26,1,0.001,6.000
专,0,z,26,1,0.001,6.000
颛孙,1,z,26,1,0.001,6.000
兹,0,z,26,1,0.001,6.000
子车,1,z,26,1,0.001,6.000
奏,0,z,26,1,0.001,6.000
遵,0,z,26,1,0.001,6.000
做,0,z,26,1,0.001,6.000
